{"cameraMode":{"drawMode":0,"name":"Shaded","section":"Shading Mode"},"sceneLighting":true,"audioPlay":false,"sceneViewState":{"showFog":true,"showMaterialUpdate":false,"showSkybox":true,"showFlares":true,"showImageEffects":true,"showParticleSystems":true},"in2DMode":false,"pivot":{"x":9.509336471557618,"y":-1.5961697101593018,"z":12.113346099853516},"rotation":{"x":-0.22935612499713899,"y":0.7230111360549927,"z":-0.2823522984981537,"w":-0.5873056054115295},"size":28.944631576538087,"orthographic":false}