{"cameraMode":{"drawMode":0,"name":"Shaded","section":"Shading Mode"},"sceneLighting":true,"audioPlay":false,"sceneViewState":{"showFog":true,"showMaterialUpdate":false,"showSkybox":true,"showFlares":true,"showImageEffects":true,"showParticleSystems":true},"in2DMode":false,"pivot":{"x":0.148275688290596,"y":0.9595586657524109,"z":-0.20347139239311219},"rotation":{"x":0.011952606029808522,"y":0.9879350066184998,"z":-0.11642841249704361,"w":0.10142038762569428},"size":9.0734224319458,"orthographic":false}